location,company,city,state,commodity,bidType,deliveryStart,deliveryEnd,futuresSymbol,basis,cashPrice
Baldwin,"Midwest Commodity Service, Inc.",Baldwin,WI,Corn,cash,October,October,,-0.68,4.27
Baldwin,"Midwest Commodity Service, Inc.",Baldwin,WI,Corn,cash,November,November,,-0.68,4.27
Baldwin,"Midwest Commodity Service, Inc.",Baldwin,WI,Corn,cash,December,December,,-0.50,4.45
Baldwin,"Midwest Commodity Service, Inc.",Baldwin,WI,Corn,cash,January,January,,-0.60,4.50
Baldwin,"Midwest Commodity Service, Inc.",Baldwin,WI,Corn,cash,February,February,,-0.58,4.52
Baldwin,"Midwest Commodity Service, Inc.",Baldwin,WI,Corn,cash,March,March,,-0.50,4.60
Baldwin,"Midwest Commodity Service, Inc.",Baldwin,WI,Corn,cash,April,April,,-0.54,4.63
Baldwin,"Midwest Commodity Service, Inc.",Baldwin,WI,Corn,cash,May,May,,-0.52,4.65
Baldwin,"Midwest Commodity Service, Inc.",Baldwin,WI,Corn,cash,June,June,,-0.52,4.69
Baldwin,"Midwest Commodity Service, Inc.",Baldwin,WI,Corn,cash,July,July,,-0.52,4.69
